image_path,target
input/Images\cmbf\cmbf_1.jpg,3.0
input/Images\cmcf\cmcf_16.jpg,4.0
input/Images\ccf\ccf_41.jpg,1.0
input/Images\omff\omff_36.jpg,10.0
input/Images\ombf\ombf_5.jpg,8.0
input/Images\cff\cff_18.jpg,2.0
input/Images\cmbf\cmbf_48.jpg,3.0
input/Images\cmcf\cmcf_11.jpg,4.0
input/Images\ccf\ccf_15.jpg,1.0
input/Images\cmbf\cmbf_33.jpg,3.0
input/Images\cff\cff_43.jpg,2.0
input/Images\ccf\ccf_49.jpg,1.0
input/Images\ombf\ombf_54.jpg,8.0
input/Images\omff\omff_20.jpg,10.0
input/Images\cff\cff_14.jpg,2.0
input/Images\omff\omff_41.jpg,10.0
input/Images\ccf\ccf_12.jpg,1.0
input/Images\cff\cff_15.jpg,2.0
input/Images\obf\obf_58.jpg,6.0
input/Images\cmbf\cmbf_29.jpg,3.0
input/Images\obf\obf_28.jpg,6.0
input/Images\ccf\ccf_20.jpg,1.0
input/Images\omcf\omcf_13.jpg,9.0
input/Images\omcf\omcf_43.jpg,9.0
input/Images\omcf\omcf_57.jpg,9.0
input/Images\omcf\omcf_48.jpg,9.0
input/Images\cbf\cbf_59.jpg,0.0
input/Images\omcf\omcf_56.jpg,9.0
input/Images\cmbf\cmbf_28.jpg,3.0
input/Images\ccf\ccf_31.jpg,1.0
input/Images\cff\cff_36.jpg,2.0
input/Images\cbf\cbf_18.jpg,0.0
input/Images\cff\cff_39.jpg,2.0
input/Images\cmcf\cmcf_21.jpg,4.0
input/Images\cff\cff_3.jpg,2.0
input/Images\cbf\cbf_37.jpg,0.0
input/Images\omcf\omcf_46.jpg,9.0
input/Images\omff\omff_6.jpg,10.0
input/Images\cff\cff_6.jpg,2.0
input/Images\ccf\ccf_48.jpg,1.0
input/Images\omff\omff_30.jpg,10.0
input/Images\omff\omff_25.jpg,10.0
input/Images\cmcf\cmcf_35.jpg,4.0
input/Images\cmbf\cmbf_30.jpg,3.0
input/Images\cbf\cbf_58.jpg,0.0
input/Images\omcf\omcf_29.jpg,9.0
input/Images\cmff\cmff_37.jpg,5.0
input/Images\cmcf\cmcf_38.jpg,4.0
input/Images\cmcf\cmcf_44.jpg,4.0
input/Images\ccf\ccf_57.jpg,1.0
input/Images\ombf\ombf_17.jpg,8.0
input/Images\ccf\ccf_23.jpg,1.0
input/Images\omff\omff_51.jpg,10.0
input/Images\cbf\cbf_10.jpg,0.0
input/Images\cmcf\cmcf_24.jpg,4.0
input/Images\cbf\cbf_8.jpg,0.0
input/Images\cmcf\cmcf_48.jpg,4.0
input/Images\cmbf\cmbf_36.jpg,3.0
input/Images\ccf\ccf_19.jpg,1.0
input/Images\obf\obf_6.jpg,6.0
input/Images\cmcf\cmcf_28.jpg,4.0
input/Images\cmff\cmff_0.jpg,5.0
input/Images\cmcf\cmcf_33.jpg,4.0
input/Images\off\off_29.jpg,7.0
input/Images\cbf\cbf_36.jpg,0.0
input/Images\obf\obf_57.jpg,6.0
input/Images\omff\omff_14.jpg,10.0
input/Images\cbf\cbf_49.jpg,0.0
input/Images\omff\omff_60.jpg,10.0
input/Images\cff\cff_53.jpg,2.0
input/Images\omcf\omcf_11.jpg,9.0
input/Images\cmff\cmff_46.jpg,5.0
input/Images\omff\omff_15.jpg,10.0
input/Images\cmff\cmff_9.jpg,5.0
input/Images\omff\omff_56.jpg,10.0
input/Images\ccf\ccf_0.jpg,1.0
input/Images\cmff\cmff_41.jpg,5.0
input/Images\cbf\cbf_53.jpg,0.0
input/Images\omff\omff_52.jpg,10.0
input/Images\off\off_15.jpg,7.0
input/Images\cbf\cbf_44.jpg,0.0
input/Images\obf\obf_59.jpg,6.0
input/Images\omff\omff_23.jpg,10.0
input/Images\cbf\cbf_14.jpg,0.0
input/Images\cmcf\cmcf_15.jpg,4.0
input/Images\off\off_22.jpg,7.0
input/Images\cmff\cmff_29.jpg,5.0
input/Images\ccf\ccf_59.jpg,1.0
input/Images\cmbf\cmbf_62.jpg,3.0
input/Images\cmff\cmff_1.jpg,5.0
input/Images\cmcf\cmcf_58.jpg,4.0
input/Images\ccf\ccf_28.jpg,1.0
input/Images\omff\omff_53.jpg,10.0
input/Images\omff\omff_49.jpg,10.0
input/Images\off\off_2.jpg,7.0
input/Images\omff\omff_21.jpg,10.0
input/Images\cmbf\cmbf_16.jpg,3.0
input/Images\off\off_23.jpg,7.0
input/Images\cbf\cbf_46.jpg,0.0
input/Images\cff\cff_60.jpg,2.0
input/Images\cmbf\cmbf_26.jpg,3.0
input/Images\cbf\cbf_6.jpg,0.0
input/Images\cff\cff_16.jpg,2.0
input/Images\omff\omff_19.jpg,10.0
input/Images\cmcf\cmcf_25.jpg,4.0
input/Images\cmbf\cmbf_9.jpg,3.0
input/Images\cmbf\cmbf_27.jpg,3.0
input/Images\cmff\cmff_16.jpg,5.0
input/Images\cbf\cbf_30.jpg,0.0
input/Images\cmcf\cmcf_52.jpg,4.0
input/Images\obf\obf_7.jpg,6.0
input/Images\ombf\ombf_3.jpg,8.0
input/Images\omcf\omcf_31.jpg,9.0
input/Images\ccf\ccf_5.jpg,1.0
input/Images\ccf\ccf_24.jpg,1.0
input/Images\omff\omff_47.jpg,10.0
input/Images\cff\cff_45.jpg,2.0
input/Images\ccf\ccf_2.jpg,1.0
input/Images\ombf\ombf_52.jpg,8.0
input/Images\ccf\ccf_13.jpg,1.0
input/Images\omff\omff_8.jpg,10.0
input/Images\ombf\ombf_13.jpg,8.0
input/Images\cmbf\cmbf_60.jpg,3.0
input/Images\omcf\omcf_20.jpg,9.0
input/Images\cbf\cbf_63.jpg,0.0
input/Images\omcf\omcf_30.jpg,9.0
input/Images\cmcf\cmcf_39.jpg,4.0
input/Images\omcf\omcf_4.jpg,9.0
input/Images\cbf\cbf_25.jpg,0.0
input/Images\off\off_5.jpg,7.0
input/Images\obf\obf_39.jpg,6.0
input/Images\cmff\cmff_17.jpg,5.0
input/Images\cbf\cbf_64.jpg,0.0
input/Images\omff\omff_1.jpg,10.0
input/Images\omff\omff_34.jpg,10.0
input/Images\cbf\cbf_35.jpg,0.0
input/Images\obf\obf_10.jpg,6.0
input/Images\cff\cff_27.jpg,2.0
input/Images\omcf\omcf_14.jpg,9.0
input/Images\cmcf\cmcf_47.jpg,4.0
input/Images\omcf\omcf_8.jpg,9.0
input/Images\omff\omff_58.jpg,10.0
input/Images\cmff\cmff_22.jpg,5.0
input/Images\off\off_21.jpg,7.0
input/Images\ombf\ombf_34.jpg,8.0
input/Images\cmff\cmff_18.jpg,5.0
input/Images\omff\omff_37.jpg,10.0
input/Images\off\off_17.jpg,7.0
input/Images\omff\omff_27.jpg,10.0
input/Images\omcf\omcf_55.jpg,9.0
input/Images\obf\obf_22.jpg,6.0
input/Images\omff\omff_40.jpg,10.0
input/Images\off\off_34.jpg,7.0
input/Images\ombf\ombf_39.jpg,8.0
input/Images\ccf\ccf_44.jpg,1.0
input/Images\ccf\ccf_53.jpg,1.0
input/Images\omff\omff_22.jpg,10.0
input/Images\cmbf\cmbf_41.jpg,3.0
input/Images\cmbf\cmbf_49.jpg,3.0
input/Images\cbf\cbf_15.jpg,0.0
input/Images\ccf\ccf_30.jpg,1.0
input/Images\ombf\ombf_12.jpg,8.0
input/Images\omff\omff_46.jpg,10.0
input/Images\off\off_4.jpg,7.0
input/Images\cmff\cmff_26.jpg,5.0
input/Images\ombf\ombf_6.jpg,8.0
input/Images\cff\cff_55.jpg,2.0
input/Images\cff\cff_22.jpg,2.0
input/Images\cmcf\cmcf_9.jpg,4.0
input/Images\cbf\cbf_48.jpg,0.0
input/Images\cbf\cbf_47.jpg,0.0
input/Images\ccf\ccf_16.jpg,1.0
input/Images\cff\cff_47.jpg,2.0
input/Images\cmff\cmff_2.jpg,5.0
input/Images\omcf\omcf_41.jpg,9.0
input/Images\ccf\ccf_1.jpg,1.0
input/Images\cbf\cbf_19.jpg,0.0
input/Images\obf\obf_0.jpg,6.0
input/Images\ombf\ombf_8.jpg,8.0
input/Images\cmff\cmff_40.jpg,5.0
input/Images\off\off_24.jpg,7.0
input/Images\cmbf\cmbf_24.jpg,3.0
input/Images\obf\obf_50.jpg,6.0
input/Images\ombf\ombf_43.jpg,8.0
input/Images\cff\cff_56.jpg,2.0
input/Images\ombf\ombf_4.jpg,8.0
input/Images\obf\obf_27.jpg,6.0
input/Images\ccf\ccf_25.jpg,1.0
input/Images\obf\obf_34.jpg,6.0
input/Images\cmff\cmff_10.jpg,5.0
input/Images\obf\obf_4.jpg,6.0
input/Images\ccf\ccf_21.jpg,1.0
input/Images\cbf\cbf_3.jpg,0.0
input/Images\cmff\cmff_48.jpg,5.0
input/Images\cmff\cmff_33.jpg,5.0
input/Images\cmbf\cmbf_20.jpg,3.0
input/Images\cmbf\cmbf_61.jpg,3.0
input/Images\cmff\cmff_20.jpg,5.0
input/Images\cmcf\cmcf_4.jpg,4.0
input/Images\cmff\cmff_4.jpg,5.0
input/Images\cff\cff_2.jpg,2.0
input/Images\cmcf\cmcf_30.jpg,4.0
input/Images\cmbf\cmbf_6.jpg,3.0
input/Images\cmbf\cmbf_25.jpg,3.0
input/Images\cmbf\cmbf_35.jpg,3.0
input/Images\cbf\cbf_17.jpg,0.0
input/Images\cbf\cbf_29.jpg,0.0
input/Images\cmcf\cmcf_27.jpg,4.0
input/Images\obf\obf_13.jpg,6.0
input/Images\omff\omff_50.jpg,10.0
input/Images\obf\obf_14.jpg,6.0
input/Images\ccf\ccf_26.jpg,1.0
input/Images\cmcf\cmcf_51.jpg,4.0
input/Images\ombf\ombf_18.jpg,8.0
input/Images\cmbf\cmbf_2.jpg,3.0
input/Images\cmbf\cmbf_13.jpg,3.0
input/Images\cmff\cmff_39.jpg,5.0
input/Images\ccf\ccf_34.jpg,1.0
input/Images\cmcf\cmcf_19.jpg,4.0
input/Images\cmff\cmff_23.jpg,5.0
input/Images\cmff\cmff_28.jpg,5.0
input/Images\omff\omff_11.jpg,10.0
input/Images\cbf\cbf_34.jpg,0.0
input/Images\cff\cff_62.jpg,2.0
input/Images\ombf\ombf_53.jpg,8.0
input/Images\cff\cff_57.jpg,2.0
input/Images\ombf\ombf_2.jpg,8.0
input/Images\cff\cff_34.jpg,2.0
input/Images\ccf\ccf_18.jpg,1.0
input/Images\cmff\cmff_52.jpg,5.0
input/Images\ccf\ccf_33.jpg,1.0
input/Images\cmff\cmff_49.jpg,5.0
input/Images\ccf\ccf_11.jpg,1.0
input/Images\cmff\cmff_15.jpg,5.0
input/Images\cmff\cmff_31.jpg,5.0
input/Images\omcf\omcf_40.jpg,9.0
input/Images\cff\cff_7.jpg,2.0
input/Images\cbf\cbf_22.jpg,0.0
input/Images\omcf\omcf_45.jpg,9.0
input/Images\cmcf\cmcf_0.jpg,4.0
input/Images\cmbf\cmbf_5.jpg,3.0
input/Images\cmbf\cmbf_45.jpg,3.0
input/Images\ccf\ccf_3.jpg,1.0
input/Images\omcf\omcf_24.jpg,9.0
input/Images\ccf\ccf_56.jpg,1.0
input/Images\off\off_40.jpg,7.0
input/Images\omcf\omcf_35.jpg,9.0
input/Images\cbf\cbf_39.jpg,0.0
input/Images\cmbf\cmbf_51.jpg,3.0
input/Images\cbf\cbf_0.jpg,0.0
input/Images\omff\omff_57.jpg,10.0
input/Images\cmcf\cmcf_10.jpg,4.0
input/Images\obf\obf_51.jpg,6.0
input/Images\cmbf\cmbf_57.jpg,3.0
input/Images\obf\obf_36.jpg,6.0
input/Images\omff\omff_35.jpg,10.0
input/Images\cmcf\cmcf_57.jpg,4.0
input/Images\ccf\ccf_55.jpg,1.0
input/Images\cmbf\cmbf_42.jpg,3.0
input/Images\cmff\cmff_42.jpg,5.0
input/Images\cmcf\cmcf_40.jpg,4.0
input/Images\obf\obf_25.jpg,6.0
input/Images\cff\cff_26.jpg,2.0
input/Images\ombf\ombf_49.jpg,8.0
input/Images\omff\omff_0.jpg,10.0
input/Images\omcf\omcf_60.jpg,9.0
input/Images\off\off_16.jpg,7.0
input/Images\off\off_1.jpg,7.0
input/Images\cbf\cbf_50.jpg,0.0
input/Images\cmcf\cmcf_12.jpg,4.0
input/Images\cmbf\cmbf_12.jpg,3.0
input/Images\omff\omff_9.jpg,10.0
input/Images\omcf\omcf_19.jpg,9.0
input/Images\ccf\ccf_47.jpg,1.0
input/Images\obf\obf_41.jpg,6.0
input/Images\off\off_39.jpg,7.0
input/Images\omcf\omcf_50.jpg,9.0
input/Images\ombf\ombf_15.jpg,8.0
input/Images\ombf\ombf_22.jpg,8.0
input/Images\omcf\omcf_54.jpg,9.0
input/Images\cmcf\cmcf_5.jpg,4.0
input/Images\ombf\ombf_24.jpg,8.0
input/Images\cmff\cmff_36.jpg,5.0
input/Images\cff\cff_30.jpg,2.0
input/Images\ccf\ccf_9.jpg,1.0
input/Images\ombf\ombf_46.jpg,8.0
input/Images\omcf\omcf_7.jpg,9.0
input/Images\cff\cff_63.jpg,2.0
input/Images\obf\obf_15.jpg,6.0
input/Images\ombf\ombf_40.jpg,8.0
input/Images\omff\omff_55.jpg,10.0
input/Images\cmcf\cmcf_59.jpg,4.0
input/Images\omff\omff_17.jpg,10.0
input/Images\cff\cff_24.jpg,2.0
input/Images\cff\cff_23.jpg,2.0
input/Images\cmff\cmff_43.jpg,5.0
input/Images\cbf\cbf_26.jpg,0.0
input/Images\cff\cff_51.jpg,2.0
input/Images\ombf\ombf_7.jpg,8.0
input/Images\cbf\cbf_2.jpg,0.0
input/Images\cbf\cbf_31.jpg,0.0
input/Images\omcf\omcf_17.jpg,9.0
input/Images\cff\cff_49.jpg,2.0
input/Images\obf\obf_54.jpg,6.0
input/Images\cmff\cmff_5.jpg,5.0
input/Images\cmbf\cmbf_58.jpg,3.0
input/Images\cmcf\cmcf_46.jpg,4.0
input/Images\obf\obf_20.jpg,6.0
input/Images\cmcf\cmcf_22.jpg,4.0
input/Images\cff\cff_35.jpg,2.0
input/Images\cff\cff_1.jpg,2.0
input/Images\obf\obf_5.jpg,6.0
input/Images\cmcf\cmcf_36.jpg,4.0
input/Images\ccf\ccf_52.jpg,1.0
input/Images\cmff\cmff_21.jpg,5.0
input/Images\cff\cff_52.jpg,2.0
input/Images\cbf\cbf_60.jpg,0.0
input/Images\off\off_20.jpg,7.0
input/Images\cmbf\cmbf_37.jpg,3.0
input/Images\cmcf\cmcf_3.jpg,4.0
input/Images\cbf\cbf_24.jpg,0.0
input/Images\omff\omff_16.jpg,10.0
input/Images\cmff\cmff_11.jpg,5.0
input/Images\cmbf\cmbf_8.jpg,3.0
input/Images\ombf\ombf_29.jpg,8.0
input/Images\omff\omff_39.jpg,10.0
input/Images\cff\cff_9.jpg,2.0
input/Images\omff\omff_32.jpg,10.0
input/Images\omcf\omcf_47.jpg,9.0
input/Images\cmff\cmff_24.jpg,5.0
input/Images\ccf\ccf_35.jpg,1.0
input/Images\cff\cff_59.jpg,2.0
input/Images\cmcf\cmcf_49.jpg,4.0
input/Images\off\off_25.jpg,7.0
input/Images\obf\obf_35.jpg,6.0
input/Images\omcf\omcf_59.jpg,9.0
input/Images\obf\obf_16.jpg,6.0
input/Images\cbf\cbf_13.jpg,0.0
input/Images\cbf\cbf_5.jpg,0.0
input/Images\cmff\cmff_47.jpg,5.0
input/Images\off\off_9.jpg,7.0
input/Images\off\off_38.jpg,7.0
input/Images\cbf\cbf_23.jpg,0.0
input/Images\cbf\cbf_52.jpg,0.0
input/Images\omff\omff_44.jpg,10.0
input/Images\omff\omff_12.jpg,10.0
input/Images\cbf\cbf_11.jpg,0.0
input/Images\obf\obf_30.jpg,6.0
input/Images\cmff\cmff_54.jpg,5.0
input/Images\cmcf\cmcf_7.jpg,4.0
input/Images\cmcf\cmcf_32.jpg,4.0
input/Images\off\off_18.jpg,7.0
input/Images\cmcf\cmcf_34.jpg,4.0
input/Images\cmff\cmff_55.jpg,5.0
input/Images\cmbf\cmbf_4.jpg,3.0
input/Images\cbf\cbf_32.jpg,0.0
input/Images\ombf\ombf_42.jpg,8.0
input/Images\cmcf\cmcf_14.jpg,4.0
input/Images\cbf\cbf_54.jpg,0.0
input/Images\cmbf\cmbf_43.jpg,3.0
input/Images\cbf\cbf_42.jpg,0.0
input/Images\cff\cff_38.jpg,2.0
input/Images\cmbf\cmbf_50.jpg,3.0
input/Images\omff\omff_4.jpg,10.0
input/Images\cff\cff_54.jpg,2.0
input/Images\omcf\omcf_25.jpg,9.0
input/Images\obf\obf_55.jpg,6.0
input/Images\cmbf\cmbf_11.jpg,3.0
input/Images\omcf\omcf_27.jpg,9.0
input/Images\obf\obf_3.jpg,6.0
input/Images\omff\omff_43.jpg,10.0
input/Images\omff\omff_38.jpg,10.0
input/Images\ccf\ccf_10.jpg,1.0
input/Images\omcf\omcf_15.jpg,9.0
input/Images\cff\cff_48.jpg,2.0
input/Images\omcf\omcf_16.jpg,9.0
input/Images\cff\cff_42.jpg,2.0
input/Images\cmcf\cmcf_56.jpg,4.0
input/Images\cmbf\cmbf_10.jpg,3.0
input/Images\obf\obf_53.jpg,6.0
input/Images\cmff\cmff_50.jpg,5.0
input/Images\off\off_13.jpg,7.0
input/Images\cff\cff_33.jpg,2.0
input/Images\off\off_28.jpg,7.0
input/Images\obf\obf_42.jpg,6.0
input/Images\cmbf\cmbf_40.jpg,3.0
input/Images\omcf\omcf_0.jpg,9.0
input/Images\ombf\ombf_51.jpg,8.0
input/Images\ccf\ccf_43.jpg,1.0
input/Images\ombf\ombf_10.jpg,8.0
input/Images\ccf\ccf_17.jpg,1.0
input/Images\ccf\ccf_54.jpg,1.0
input/Images\omff\omff_42.jpg,10.0
input/Images\ccf\ccf_58.jpg,1.0
input/Images\omcf\omcf_6.jpg,9.0
input/Images\ombf\ombf_31.jpg,8.0
input/Images\omff\omff_29.jpg,10.0
input/Images\cmbf\cmbf_23.jpg,3.0
input/Images\obf\obf_38.jpg,6.0
input/Images\obf\obf_8.jpg,6.0
input/Images\obf\obf_47.jpg,6.0
input/Images\ombf\ombf_25.jpg,8.0
input/Images\cbf\cbf_16.jpg,0.0
input/Images\off\off_36.jpg,7.0
input/Images\cbf\cbf_41.jpg,0.0
input/Images\cff\cff_21.jpg,2.0
input/Images\cmbf\cmbf_65.jpg,3.0
input/Images\cmcf\cmcf_50.jpg,4.0
input/Images\ombf\ombf_48.jpg,8.0
input/Images\ombf\ombf_1.jpg,8.0
input/Images\cmff\cmff_53.jpg,5.0
input/Images\cbf\cbf_62.jpg,0.0
input/Images\ccf\ccf_50.jpg,1.0
input/Images\obf\obf_9.jpg,6.0
input/Images\off\off_19.jpg,7.0
input/Images\off\off_10.jpg,7.0
input/Images\cmcf\cmcf_13.jpg,4.0
input/Images\omcf\omcf_21.jpg,9.0
input/Images\cmcf\cmcf_45.jpg,4.0
input/Images\obf\obf_44.jpg,6.0
input/Images\cff\cff_31.jpg,2.0
input/Images\cmcf\cmcf_17.jpg,4.0
input/Images\omcf\omcf_39.jpg,9.0
input/Images\cmff\cmff_45.jpg,5.0
input/Images\omcf\omcf_5.jpg,9.0
input/Images\cbf\cbf_43.jpg,0.0
input/Images\cff\cff_10.jpg,2.0
input/Images\obf\obf_52.jpg,6.0
input/Images\obf\obf_46.jpg,6.0
input/Images\cmcf\cmcf_54.jpg,4.0
input/Images\cmbf\cmbf_15.jpg,3.0
input/Images\cmff\cmff_38.jpg,5.0
input/Images\omcf\omcf_12.jpg,9.0
input/Images\cff\cff_28.jpg,2.0
input/Images\omff\omff_2.jpg,10.0
input/Images\ombf\ombf_26.jpg,8.0
input/Images\obf\obf_49.jpg,6.0
input/Images\omcf\omcf_51.jpg,9.0
input/Images\cff\cff_29.jpg,2.0
input/Images\ombf\ombf_41.jpg,8.0
input/Images\cmff\cmff_35.jpg,5.0
input/Images\cmff\cmff_14.jpg,5.0
input/Images\ombf\ombf_11.jpg,8.0
input/Images\ccf\ccf_8.jpg,1.0
input/Images\omcf\omcf_26.jpg,9.0
input/Images\ccf\ccf_37.jpg,1.0
input/Images\cff\cff_25.jpg,2.0
input/Images\cmbf\cmbf_52.jpg,3.0
input/Images\obf\obf_26.jpg,6.0
input/Images\off\off_35.jpg,7.0
input/Images\ccf\ccf_38.jpg,1.0
input/Images\cmff\cmff_6.jpg,5.0
input/Images\cmff\cmff_13.jpg,5.0
input/Images\cmcf\cmcf_29.jpg,4.0
input/Images\cmcf\cmcf_41.jpg,4.0
input/Images\cmbf\cmbf_7.jpg,3.0
input/Images\obf\obf_31.jpg,6.0
input/Images\ccf\ccf_7.jpg,1.0
input/Images\cff\cff_61.jpg,2.0
input/Images\cmbf\cmbf_19.jpg,3.0
input/Images\off\off_11.jpg,7.0
input/Images\cmff\cmff_12.jpg,5.0
input/Images\cmbf\cmbf_59.jpg,3.0
input/Images\obf\obf_45.jpg,6.0
input/Images\cmbf\cmbf_14.jpg,3.0
input/Images\ombf\ombf_28.jpg,8.0
input/Images\omcf\omcf_18.jpg,9.0
input/Images\omff\omff_3.jpg,10.0
input/Images\omcf\omcf_49.jpg,9.0
input/Images\ombf\ombf_0.jpg,8.0
input/Images\cff\cff_0.jpg,2.0
input/Images\obf\obf_33.jpg,6.0
input/Images\ombf\ombf_44.jpg,8.0
input/Images\ombf\ombf_35.jpg,8.0
input/Images\cmbf\cmbf_38.jpg,3.0
input/Images\cmff\cmff_3.jpg,5.0
input/Images\cbf\cbf_57.jpg,0.0
input/Images\cmbf\cmbf_34.jpg,3.0
input/Images\cff\cff_12.jpg,2.0
input/Images\omcf\omcf_9.jpg,9.0
input/Images\omcf\omcf_1.jpg,9.0
input/Images\cff\cff_64.jpg,2.0
input/Images\omff\omff_10.jpg,10.0
input/Images\off\off_12.jpg,7.0
input/Images\ombf\ombf_16.jpg,8.0
input/Images\ccf\ccf_40.jpg,1.0
input/Images\ombf\ombf_23.jpg,8.0
input/Images\obf\obf_19.jpg,6.0
input/Images\omff\omff_45.jpg,10.0
input/Images\cmcf\cmcf_42.jpg,4.0
input/Images\cmcf\cmcf_18.jpg,4.0
input/Images\cbf\cbf_55.jpg,0.0
input/Images\off\off_14.jpg,7.0
input/Images\ombf\ombf_37.jpg,8.0
input/Images\ccf\ccf_51.jpg,1.0
input/Images\cff\cff_58.jpg,2.0
input/Images\cmbf\cmbf_46.jpg,3.0
input/Images\omff\omff_31.jpg,10.0
input/Images\omcf\omcf_10.jpg,9.0
input/Images\ombf\ombf_55.jpg,8.0
input/Images\cmff\cmff_8.jpg,5.0
input/Images\cmcf\cmcf_60.jpg,4.0
input/Images\off\off_33.jpg,7.0
input/Images\cff\cff_32.jpg,2.0
input/Images\cff\cff_50.jpg,2.0
input/Images\cmbf\cmbf_47.jpg,3.0
input/Images\cmcf\cmcf_53.jpg,4.0
input/Images\ombf\ombf_45.jpg,8.0
input/Images\cff\cff_44.jpg,2.0
input/Images\cmcf\cmcf_8.jpg,4.0
input/Images\cff\cff_19.jpg,2.0
input/Images\obf\obf_40.jpg,6.0
input/Images\omcf\omcf_53.jpg,9.0
input/Images\cmff\cmff_44.jpg,5.0
input/Images\cmcf\cmcf_1.jpg,4.0
input/Images\cmcf\cmcf_31.jpg,4.0
input/Images\obf\obf_1.jpg,6.0
input/Images\obf\obf_17.jpg,6.0
input/Images\cmbf\cmbf_39.jpg,3.0
input/Images\omff\omff_33.jpg,10.0
input/Images\ombf\ombf_9.jpg,8.0
input/Images\off\off_42.jpg,7.0
input/Images\cmff\cmff_34.jpg,5.0
input/Images\ombf\ombf_33.jpg,8.0
input/Images\omff\omff_54.jpg,10.0
input/Images\omff\omff_18.jpg,10.0
input/Images\omcf\omcf_58.jpg,9.0
input/Images\ccf\ccf_27.jpg,1.0
input/Images\cmbf\cmbf_55.jpg,3.0
input/Images\cff\cff_4.jpg,2.0
input/Images\ombf\ombf_50.jpg,8.0
input/Images\cbf\cbf_40.jpg,0.0
input/Images\cff\cff_5.jpg,2.0
input/Images\omcf\omcf_3.jpg,9.0
input/Images\omcf\omcf_22.jpg,9.0
input/Images\omff\omff_28.jpg,10.0
input/Images\ccf\ccf_36.jpg,1.0
input/Images\cmbf\cmbf_53.jpg,3.0
input/Images\off\off_31.jpg,7.0
input/Images\omcf\omcf_42.jpg,9.0
input/Images\cmbf\cmbf_22.jpg,3.0
input/Images\obf\obf_24.jpg,6.0
input/Images\obf\obf_29.jpg,6.0
input/Images\omcf\omcf_23.jpg,9.0
input/Images\cmbf\cmbf_32.jpg,3.0
input/Images\cbf\cbf_12.jpg,0.0
input/Images\omcf\omcf_52.jpg,9.0
input/Images\omcf\omcf_2.jpg,9.0
input/Images\ccf\ccf_39.jpg,1.0
input/Images\obf\obf_37.jpg,6.0
input/Images\ombf\ombf_30.jpg,8.0
input/Images\cbf\cbf_51.jpg,0.0
input/Images\cbf\cbf_38.jpg,0.0
input/Images\cmbf\cmbf_17.jpg,3.0
input/Images\cff\cff_17.jpg,2.0
input/Images\cbf\cbf_33.jpg,0.0
input/Images\omcf\omcf_44.jpg,9.0
input/Images\cmbf\cmbf_44.jpg,3.0
input/Images\ombf\ombf_19.jpg,8.0
input/Images\obf\obf_11.jpg,6.0
input/Images\cmcf\cmcf_37.jpg,4.0
input/Images\obf\obf_48.jpg,6.0
input/Images\obf\obf_23.jpg,6.0
input/Images\ombf\ombf_27.jpg,8.0
input/Images\cff\cff_20.jpg,2.0
input/Images\cbf\cbf_7.jpg,0.0
input/Images\off\off_41.jpg,7.0
input/Images\cff\cff_11.jpg,2.0
input/Images\omff\omff_48.jpg,10.0
input/Images\ombf\ombf_47.jpg,8.0
input/Images\cbf\cbf_9.jpg,0.0
input/Images\cbf\cbf_21.jpg,0.0
input/Images\cff\cff_37.jpg,2.0
input/Images\cbf\cbf_45.jpg,0.0
input/Images\ombf\ombf_21.jpg,8.0
input/Images\obf\obf_12.jpg,6.0
input/Images\cff\cff_65.jpg,2.0
input/Images\cmbf\cmbf_31.jpg,3.0
input/Images\cbf\cbf_56.jpg,0.0
input/Images\cmff\cmff_25.jpg,5.0
input/Images\cmcf\cmcf_43.jpg,4.0
input/Images\cmbf\cmbf_63.jpg,3.0
input/Images\off\off_32.jpg,7.0
input/Images\off\off_27.jpg,7.0
input/Images\omff\omff_7.jpg,10.0
input/Images\cmcf\cmcf_2.jpg,4.0
input/Images\cmbf\cmbf_18.jpg,3.0
input/Images\cff\cff_41.jpg,2.0
input/Images\omcf\omcf_28.jpg,9.0
input/Images\obf\obf_32.jpg,6.0
input/Images\off\off_8.jpg,7.0
input/Images\ccf\ccf_45.jpg,1.0
input/Images\omcf\omcf_37.jpg,9.0
input/Images\obf\obf_21.jpg,6.0
input/Images\cbf\cbf_1.jpg,0.0
input/Images\omff\omff_24.jpg,10.0
input/Images\omcf\omcf_33.jpg,9.0
input/Images\ccf\ccf_22.jpg,1.0
input/Images\cmbf\cmbf_21.jpg,3.0
input/Images\cbf\cbf_4.jpg,0.0
input/Images\ombf\ombf_36.jpg,8.0
input/Images\obf\obf_56.jpg,6.0
input/Images\off\off_26.jpg,7.0
input/Images\cmff\cmff_51.jpg,5.0
input/Images\ccf\ccf_32.jpg,1.0
input/Images\cmff\cmff_27.jpg,5.0
input/Images\omcf\omcf_36.jpg,9.0
input/Images\cmff\cmff_32.jpg,5.0
input/Images\cmbf\cmbf_54.jpg,3.0
input/Images\cbf\cbf_20.jpg,0.0
input/Images\cmcf\cmcf_61.jpg,4.0
input/Images\omff\omff_13.jpg,10.0
input/Images\obf\obf_2.jpg,6.0
input/Images\cmcf\cmcf_23.jpg,4.0
input/Images\cff\cff_46.jpg,2.0
input/Images\omff\omff_59.jpg,10.0
input/Images\ombf\ombf_14.jpg,8.0
input/Images\omff\omff_5.jpg,10.0
input/Images\ombf\ombf_32.jpg,8.0
input/Images\cmbf\cmbf_56.jpg,3.0
input/Images\omcf\omcf_38.jpg,9.0
input/Images\omcf\omcf_34.jpg,9.0
input/Images\cff\cff_8.jpg,2.0
input/Images\off\off_7.jpg,7.0
input/Images\ombf\ombf_38.jpg,8.0
input/Images\cbf\cbf_61.jpg,0.0
input/Images\off\off_6.jpg,7.0
input/Images\omcf\omcf_32.jpg,9.0
input/Images\cmbf\cmbf_64.jpg,3.0
input/Images\cbf\cbf_28.jpg,0.0
input/Images\cmcf\cmcf_6.jpg,4.0
input/Images\off\off_30.jpg,7.0
input/Images\cff\cff_40.jpg,2.0
input/Images\cmcf\cmcf_26.jpg,4.0
input/Images\cmbf\cmbf_0.jpg,3.0
input/Images\obf\obf_18.jpg,6.0
input/Images\obf\obf_43.jpg,6.0
input/Images\ombf\ombf_20.jpg,8.0
input/Images\cmff\cmff_30.jpg,5.0
input/Images\cmcf\cmcf_55.jpg,4.0
input/Images\cff\cff_13.jpg,2.0
input/Images\ccf\ccf_4.jpg,1.0
input/Images\cmff\cmff_7.jpg,5.0
input/Images\ccf\ccf_29.jpg,1.0
input/Images\off\off_3.jpg,7.0
input/Images\cmff\cmff_19.jpg,5.0
input/Images\cmbf\cmbf_3.jpg,3.0
input/Images\off\off_37.jpg,7.0
input/Images\ccf\ccf_6.jpg,1.0
input/Images\omff\omff_26.jpg,10.0
input/Images\cbf\cbf_27.jpg,0.0
input/Images\ccf\ccf_14.jpg,1.0
input/Images\ccf\ccf_46.jpg,1.0
input/Images\cmcf\cmcf_20.jpg,4.0
input/Images\off\off_0.jpg,7.0
input/Images\ccf\ccf_42.jpg,1.0
